,name,nDCG@10,RR@10,R@10,R@100,P@10,P@100,SetP
0,TerrierRetr(BM25),0.5489968431213843,0.84375,0.013731145348968965,0.10516156103604982,0.59375,0.468125,0.18225000000000002
1,(TctColBert('castorini/tct_colbert-v2-hnp-msmarco') >> <pyterrier_dr.indexes.NumpyIndex object at 0x7ff8e2ae7260>),0.5110167468019604,0.6773313492063491,0.01231844259468077,0.06371002771315452,0.5625,0.344375,0.13112500000000002
