,name,nDCG@10,RR@10,R@10,R@100,P@10,P@100,SetP
0,TerrierRetr(BM25),0.5938974975236506,0.84375,0.014549475954533611,0.10954955202804635,0.64375,0.4950000000000001,0.18756250000000002
1,(TctColBert('castorini/tct_colbert-v2-hnp-msmarco') >> <pyterrier_dr.indexes.NumpyIndex object at 0x7ff8e2ae7260>),0.5028094400045183,0.736111111111111,0.011816955483851945,0.06431053122614393,0.54375,0.345,0.1261875
