,name,nDCG@10,RR@10,R@10,R@100,P@10,P@100,SetP
0,TerrierRetr(BM25),0.3431815915440839,0.578125,0.00929125776420752,0.07559764332623857,0.3875,0.34437500000000004,0.15624999999999997
1,(TctColBert('castorini/tct_colbert-v2-hnp-msmarco') >> <pyterrier_dr.indexes.NumpyIndex object at 0x7ff8e2ae7260>),0.3510243869704469,0.49479166666666663,0.007413913080762581,0.05024517212021396,0.39375,0.2643749999999999,0.10450000000000001
