,name,nDCG@10,RR@10,R@10,R@100,P@10,P@100,SetP
0,TerrierRetr(BM25),0.5328155956198435,0.7604166666666666,0.0132441658801895,0.10537967000854262,0.6000000000000001,0.4743750000000001,0.184
1,(TctColBert('castorini/tct_colbert-v2-hnp-msmarco') >> <pyterrier_dr.indexes.NumpyIndex object at 0x7ff8e2ae7260>),0.5039584807390753,0.7413194444444444,0.011851265631599512,0.061016930737739894,0.53125,0.32625000000000004,0.11975
