,name,nDCG@10,RR@10,R@10,R@100,P@10,P@100,SetP
0,TerrierRetr(BM25),0.5210872119354386,0.7354166666666667,0.013111437564054671,0.09109520442118717,0.5875,0.431875,0.17875000000000002
1,(TctColBert('castorini/tct_colbert-v2-hnp-msmarco') >> <pyterrier_dr.indexes.NumpyIndex object at 0x7ff8e2ae7260>),0.5223067227700051,0.7569444444444444,0.011807770681467699,0.0645601839526697,0.54375,0.34,0.1299375
