,name,nDCG@10,RR@10,R@10,R@100,P@10,P@100,SetP
0,TerrierRetr(BM25),0.43912179354090064,0.7120535714285714,0.010198345218641536,0.07691370651901505,0.49375,0.3775,0.15799999999999997
1,(TctColBert('castorini/tct_colbert-v2-hnp-msmarco') >> <pyterrier_dr.indexes.NumpyIndex object at 0x7ff8e2ae7260>),0.3809247783031734,0.6328125,0.007498021473307954,0.051538385482190245,0.41250000000000003,0.281875,0.1170625
