,name,nDCG@10,RR@10,R@10,R@100,P@10,P@100,SetP
0,TerrierRetr(BM25),0.31663993484225683,0.20938431938431937,0.6848484848484848,0.9090909090909091,0.06848484848484834,0.009090909090909097,0.0009818181818181824
1,"(TerrierRetr(BM25) >> RankCutoff(50) >> QueryExpansion(/home/obez/InformationRetrieval/indices/arguana_bm25_index/data.properties,3,10,<org.terrier.querying.QueryExpansion at 0x7f94f1e9adf0 jclass=org/terrier/querying/QueryExpansion jself=<LocalRef obj=0x47277dba at 0x7f950439c110>>) >> TerrierRetr(BM25))",0.2987462831666934,0.19682539682539682,0.6484848484848484,0.9333333333333333,0.06484848484848471,0.009333333333333341,0.0009818181818181824
2,"(TerrierRetr(BM25) >> RankCutoff(50) >> QueryExpansion(/home/obez/InformationRetrieval/indices/arguana_bm25_index/data.properties,3,10,<org.terrier.querying.QueryExpansion at 0x7f94f1c16120 jclass=org/terrier/querying/QueryExpansion jself=<LocalRef obj=0x47277e6a at 0x7f950439c270>>) >> TerrierRetr(BM25))",0.30056879785925206,0.1975468975468975,0.6545454545454545,0.9272727272727272,0.06545454545454532,0.00927272727272728,0.0009818181818181824
3,(TctColBert('castorini/tct_colbert-v2-hnp-msmarco') >> <pyterrier_dr.indexes.NumpyIndex object at 0x7f964298f710>),0.3178549161307332,0.22199374699374702,0.6363636363636364,0.8848484848484849,0.0636363636363635,0.008848484848484856,0.0009575757575757582
