,name,nDCG@10,RR@10,R@10,R@100,P@10,P@100,SetP
0,TerrierRetr(BM25),0.27349360603914524,0.1836195286195286,0.5696969696969697,0.8121212121212121,0.056969696969696865,0.008121212121212126,0.0009087869848931803
1,(TctColBert('castorini/tct_colbert-v2-hnp-msmarco') >> <pyterrier_dr.indexes.NumpyIndex object at 0x7f97918590a0>),0.277174744923317,0.1883164983164983,0.5818181818181818,0.8424242424242424,0.05818181818181807,0.00842424242424243,0.0009151515151515157
