,name,nDCG@10,RR@10,R@10,R@100,P@10,P@100,SetP
0,TerrierRetr(BM25),0.22521285988527276,0.1465271765271765,0.48484848484848486,0.8666666666666667,0.04848484848484841,0.008666666666666673,0.0009903754164120348
1,(TctColBert('castorini/tct_colbert-v2-hnp-msmarco') >> <pyterrier_dr.indexes.NumpyIndex object at 0x7f97918590a0>),0.2289844235688459,0.14635401635401635,0.503030303030303,0.8727272727272727,0.050303030303030224,0.008727272727272733,0.0009696969696969704
