,name,nDCG@10,RR@10,R@10,R@100,P@10,P@100,SetP
0,TerrierRetr(BM25),0.27274437940435536,0.18054834054834054,0.5878787878787879,0.9272727272727272,0.058787878787878674,0.00927272727272728,0.0009818181818181824
1,(TctColBert('castorini/tct_colbert-v2-hnp-msmarco') >> <pyterrier_dr.indexes.NumpyIndex object at 0x7f97918590a0>),0.2644681771908145,0.18341029341029333,0.5515151515151515,0.8787878787878788,0.055151515151515056,0.008787878787878794,0.0009696969696969704
