,name,nDCG@10,RR@10,R@10,R@100,P@10,P@100,SetP
0,TerrierRetr(BM25),0.2646234990504381,0.17311928811928806,0.5696969696969697,0.8545454545454545,0.056969696969696865,0.008545454545454552,0.0009595212361394668
1,(TctColBert('castorini/tct_colbert-v2-hnp-msmarco') >> <pyterrier_dr.indexes.NumpyIndex object at 0x7f97918590a0>),0.2743080745260802,0.1959620009620009,0.5454545454545454,0.8424242424242424,0.054545454545454446,0.00842424242424243,0.0009515151515151522
