,name,nDCG@10,RR@10,R@10,R@100,P@10,P@100,SetP
0,TerrierRetr(BM25),0.3071858404985329,0.20402356902356905,0.6606060606060606,0.9393939393939394,0.06606060606060592,0.0093939393939394,0.0009818181818181824
1,(TctColBert('castorini/tct_colbert-v2-hnp-msmarco') >> <pyterrier_dr.indexes.NumpyIndex object at 0x7f97918590a0>),0.27345335874527826,0.19316738816738804,0.5575757575757576,0.8727272727272727,0.05575757575757566,0.008727272727272733,0.0009757575757575764
