,name,nDCG@10,RR@10,R@10,R@100,P@10,P@100,SetP
0,TerrierRetr(BM25),0.2402947519477572,0.16170755170755163,0.503030303030303,0.8666666666666667,0.050303030303030224,0.008666666666666673,0.0009633951406604046
1,(TctColBert('castorini/tct_colbert-v2-hnp-msmarco') >> <pyterrier_dr.indexes.NumpyIndex object at 0x7f97918590a0>),0.24072495844854583,0.1623809523809523,0.503030303030303,0.8545454545454545,0.050303030303030224,0.008545454545454552,0.0009636363636363643
