,name,nDCG@10,RR@10,R@10,R@100,P@10,P@100,SetP
0,TerrierRetr(BM25),0.2988967534235853,0.4462698412698412,0.008816983343919931,0.0716940253314245,0.3539999999999999,0.3132,0.13710000000000003
1,(TctColBert('castorini/tct_colbert-v2-hnp-msmarco') >> <pyterrier_dr.indexes.NumpyIndex object at 0x7f9ed353a570>),0.3890847913234257,0.6245238095238095,0.009182901263223398,0.056549765034142406,0.4040000000000001,0.26239999999999997,0.09394
