,name,nDCG@10,RR@10,R@10,R@100,P@10,P@100,SetP
0,TerrierRetr(BM25),0.5082218570090226,0.7477698412698414,0.014169037334863166,0.09793522086420375,0.576,0.4214,0.17186000000000007
1,(TctColBert('castorini/tct_colbert-v2-hnp-msmarco') >> <pyterrier_dr.indexes.NumpyIndex object at 0x7f4436e086e0>),0.4896096287564582,0.7342460317460318,0.012893072212627848,0.07153635527077207,0.5399999999999999,0.3398,0.11395999999999998
