,name,nDCG@10,RR@10,R@10,R@100,P@10,P@100,SetP
0,TerrierRetr(BM25),0.5308500634948152,0.7598809523809522,0.015175993722638535,0.10216872904554748,0.606,0.44059999999999994,0.17548000000000008
1,(TctColBert('castorini/tct_colbert-v2-hnp-msmarco') >> <pyterrier_dr.indexes.NumpyIndex object at 0x7f4436e086e0>),0.4817878247801304,0.7513888888888889,0.01276380138321771,0.07077489879240376,0.5259999999999999,0.3325999999999999,0.10921999999999996
