,name,nDCG@10,RR@10,R@10,R@100,P@10,P@100,SetP
0,TerrierRetr(BM25),0.5243311459547795,0.7389126984126984,0.014601715900947922,0.10644154132067275,0.596,0.4584,0.17944000000000002
1,(TctColBert('castorini/tct_colbert-v2-hnp-msmarco') >> <pyterrier_dr.indexes.NumpyIndex object at 0x7f4436e086e0>),0.48608871641821916,0.7280555555555555,0.012509463886309658,0.06903566641200891,0.5319999999999999,0.32459999999999994,0.10728000000000001
