,name,nDCG@10,RR@10,R@10,R@100,P@10,P@100,SetP
0,TerrierRetr(BM25),0.5510995584625398,0.7965793650793651,0.015072338266567542,0.10737765159959009,0.612,0.4646,0.18190000000000006
1,(TctColBert('castorini/tct_colbert-v2-hnp-msmarco') >> <pyterrier_dr.indexes.NumpyIndex object at 0x7f9ed353a570>),0.4791717815922592,0.7197222222222222,0.012956396713556542,0.06974525010750147,0.54,0.32959999999999995,0.10782
