,name,nDCG@10,RR@10,R@10,R@100,P@10,P@100,SetP
0,TerrierRetr(BM25),0.3701238379870471,0.6037142857142856,0.010790365186351158,0.07847849468770769,0.41200000000000003,0.32260000000000005,0.13871999999999998
1,(TctColBert('castorini/tct_colbert-v2-hnp-msmarco') >> <pyterrier_dr.indexes.NumpyIndex object at 0x7f4436e086e0>),0.369090578475534,0.5923571428571428,0.009342329805421172,0.054254303053609,0.398,0.24360000000000004,0.09360000000000002
