,name,nDCG@10,RR@10,R@10,R@100,P@10,P@100,SetP
0,TerrierRetr(BM25),0.22423644129412718,0.17845539775364333,0.3830409356725146,0.6442495126705653,0.03859649122807013,0.0066081871345029285,0.0016361677719018445
1,"(TerrierRetr(BM25) >> RankCutoff(50) >> QueryExpansion(/home/obez/InformationRetrieval/indices/msmarco_passages_bm25_index/data.properties,3,10,<org.terrier.querying.QueryExpansion at 0x7f69fe6d0c30 jclass=org/terrier/querying/QueryExpansion jself=<LocalRef obj=0x3a0c2caa at 0x7f681b1e6bb0>>) >> TerrierRetr(BM25))",0.20169424785530893,0.15505430242272344,0.3654970760233918,0.661793372319688,0.03684210526315786,0.006783625730994156,0.000900584795321638
2,"(TerrierRetr(BM25) >> RankCutoff(50) >> QueryExpansion(/home/obez/InformationRetrieval/indices/msmarco_passages_bm25_index/data.properties,3,10,<org.terrier.querying.QueryExpansion at 0x7f69d89871b0 jclass=org/terrier/querying/QueryExpansion jself=<LocalRef obj=0x3a0c2d5a at 0x7f681b1e6a50>>) >> TerrierRetr(BM25))",0.20761784717535037,0.16311148240972798,0.3654970760233918,0.661793372319688,0.03684210526315786,0.006783625730994156,0.000900584795321638
3,(TctColBert('castorini/tct_colbert-v2-hnp-msmarco') >> <pyterrier_dr.indexes.NumpyIndex object at 0x7f69d8d73e60>),0.40878503644402614,0.34548640118815577,0.6247563352826512,0.9122807017543859,0.06374269005847939,0.009473684210526323,0.0010175438596491235
