,name,RR@10,R@10,R@100
0,TerrierRetr(BM25),0.5877142857142856,0.00982929998339252,0.07208064486203773
1,(TctColBert('castorini/tct_colbert-v2-hnp-msmarco') >> <pyterrier_dr.indexes.NumpyIndex object at 0x7fa5ca359a00>),0.6046666666666667,0.008814080717180522,0.05435286432224284
