,name,RR@10,R@10,R@100
0,TerrierRetr(BM25),0.5621904761904762,0.008248312059771336,0.05797601756702636
1,(TctColBert('castorini/tct_colbert-v2-hnp-msmarco') >> <pyterrier_dr.indexes.NumpyIndex object at 0x7fa5ca359a00>),0.48022222222222216,0.007513135259422254,0.04259640346360236
