,name,nDCG@10,RR@10,R@10,R@100,P@10,P@100,SetP
0,TerrierRetr(BM25),0.4506017530287977,0.7438888888888888,0.013502874255408848,0.09459274001128484,0.498,0.38959999999999995,0.17656
1,(TctColBert('castorini/tct_colbert-v2-hnp-msmarco') >> <pyterrier_dr.indexes.NumpyIndex object at 0x7f4bf30719d0>),0.46946661348865226,0.789,0.012930599182292888,0.06748548060595,0.5159999999999999,0.314,0.11252
