,name,nDCG@10,RR@10,R@10,R@100,P@10,P@100,SetP
0,TerrierRetr(BM25),0.2566601584002826,0.17251507936507945,0.536,0.814,0.053600000000000224,0.008139999999999915,0.0009255144092712454
1,(TctColBert('castorini/tct_colbert-v2-hnp-msmarco') >> <pyterrier_dr.indexes.NumpyIndex object at 0x7f5704b8b8c0>),0.2755232352829022,0.18839444444444442,0.562,0.836,0.05620000000000026,0.008359999999999911,0.0009220000000000007
