,name,nDCG@10,RR@10,R@10,R@100,P@10,P@100,SetP
0,TerrierRetr(BM25),0.2749108782947559,0.18113095238095256,0.584,0.868,0.05840000000000029,0.008679999999999903,0.0009690023605260646
1,(TctColBert('castorini/tct_colbert-v2-hnp-msmarco') >> <pyterrier_dr.indexes.NumpyIndex object at 0x7f5704b8b8c0>),0.2867910090381725,0.1938880952380953,0.596,0.876,0.059600000000000306,0.008759999999999902,0.0009720000000000007
