,name,nDCG@10,RR@10,R@10,R@100,P@10,P@100,SetP
0,TerrierRetr(BM25),0.25241048403523525,0.16585793650793665,0.538,0.856,0.05380000000000022,0.008559999999999906,0.0009908324003633892
1,(TctColBert('castorini/tct_colbert-v2-hnp-msmarco') >> <pyterrier_dr.indexes.NumpyIndex object at 0x7f5704b8b8c0>),0.24646368282379527,0.16153095238095244,0.524,0.856,0.0524000000000002,0.008559999999999906,0.0009740000000000008
