,name,nDCG@10,RR@10,R@10,R@100,P@10,P@100,SetP
0,TerrierRetr(BM25),0.30024503029965316,0.1966968253968254,0.646,0.908,0.06460000000000038,0.009079999999999895,0.0009780000000000008
1,(TctColBert('castorini/tct_colbert-v2-hnp-msmarco') >> <pyterrier_dr.indexes.NumpyIndex object at 0x7f5704b8b8c0>),0.28724686649025183,0.19742222222222225,0.586,0.868,0.05860000000000029,0.008679999999999903,0.0009740000000000008
