,name,nDCG@10,RR@10,R@10,R@100,P@10,P@100,SetP
0,TerrierRetr(BM25),0.24742745378478342,0.16389523809523832,0.526,0.86,0.05260000000000021,0.008599999999999906,0.0011254880362447895
1,(TctColBert('castorini/tct_colbert-v2-hnp-msmarco') >> <pyterrier_dr.indexes.NumpyIndex object at 0x7f5704b8b8c0>),0.2483534978157095,0.16376111111111125,0.528,0.85,0.05280000000000021,0.008499999999999907,0.0009600000000000008
