,name,nDCG@10,RR@10,R@10,R@100,P@10,P@100,SetP
0,TerrierRetr(BM25),0.2790624798700845,0.18554047619047623,0.59,0.892,0.059000000000000295,0.008919999999999898,0.0009820000000000007
1,(TctColBert('castorini/tct_colbert-v2-hnp-msmarco') >> <pyterrier_dr.indexes.NumpyIndex object at 0x7f5704b8b8c0>),0.28215710271624506,0.19207539682539687,0.582,0.872,0.058200000000000286,0.008719999999999903,0.0009700000000000007
