,name,nDCG@10,RR@10,R@10,R@100,P@10,P@100,SetP
0,TerrierRetr(BM25),0.23915110226415087,0.16178932178932173,0.503030303030303,0.8787878787878788,0.050303030303030224,0.008787878787878794,0.0014323975039826986
1,(TctColBert('castorini/tct_colbert-v2-hnp-msmarco') >> <pyterrier_dr.indexes.NumpyIndex object at 0x7f97918590a0>),0.2611679293930551,0.16942279942279936,0.5696969696969697,0.8727272727272727,0.056969696969696865,0.008727272727272733,0.0009696969696969704
