,name,nDCG@10,RR@10,R@10,R@100,P@10,P@100,SetP
0,TerrierRetr(BM25),0.2886219853780715,0.18743867243867235,0.6303030303030303,0.8666666666666667,0.06303030303030291,0.008666666666666673,0.0009878787878787887
1,(TctColBert('castorini/tct_colbert-v2-hnp-msmarco') >> <pyterrier_dr.indexes.NumpyIndex object at 0x7f97918590a0>),0.304392282411672,0.2138624338624339,0.6060606060606061,0.8848484848484849,0.06060606060606049,0.008848484848484856,0.0009757575757575764
