,name,nDCG@10,RR@10,R@10,R@100,P@10,P@100,SetP
0,TerrierRetr(BM25),0.2507649691718484,0.16914622414622402,0.5272727272727272,0.8666666666666667,0.05272727272727264,0.008666666666666673,0.0009950290377505606
1,(TctColBert('castorini/tct_colbert-v2-hnp-msmarco') >> <pyterrier_dr.indexes.NumpyIndex object at 0x7f97918590a0>),0.25473958172083166,0.16885762385762382,0.5393939393939394,0.8666666666666667,0.05393939393939384,0.008666666666666673,0.0009757575757575764
