,name,nDCG@10,RR@10,R@10,R@100,P@10,P@100,SetP
0,TerrierRetr(BM25),0.27453059923452716,0.18029100529100525,0.5878787878787879,0.8666666666666667,0.058787878787878674,0.008666666666666673,0.0009755371593203315
1,(TctColBert('castorini/tct_colbert-v2-hnp-msmarco') >> <pyterrier_dr.indexes.NumpyIndex object at 0x7f97918590a0>),0.2947739404745635,0.18956228956228954,0.6424242424242425,0.9030303030303031,0.06424242424242411,0.009030303030303038,0.0009878787878787887
