,name,nDCG@10,RR@10,R@10,R@100,P@10,P@100,SetP
0,TerrierRetr(BM25),0.27536828629144133,0.18750120250120245,0.5696969696969697,0.8787878787878788,0.056969696969696865,0.008787878787878794,0.0009878787878787887
1,(TctColBert('castorini/tct_colbert-v2-hnp-msmarco') >> <pyterrier_dr.indexes.NumpyIndex object at 0x7f97918590a0>),0.2980262918149142,0.2097282347282347,0.5878787878787879,0.8848484848484849,0.058787878787878674,0.008848484848484856,0.0009757575757575764
