,name,nDCG@10,RR@10,R@10,R@100,P@10,P@100,SetP
0,TerrierRetr(BM25),0.25284520432897906,0.17138287638287628,0.5333333333333333,0.806060606060606,0.05333333333333324,0.008060606060606067,0.0009382263765348349
1,(TctColBert('castorini/tct_colbert-v2-hnp-msmarco') >> <pyterrier_dr.indexes.NumpyIndex object at 0x7f97918590a0>),0.275304343059113,0.1900144300144299,0.5515151515151515,0.8484848484848485,0.055151515151515056,0.008484848484848491,0.0009454545454545461
