,name,nDCG@10,RR@10,R@10,R@100,P@10,P@100,SetP
0,TerrierRetr(BM25),0.21401915671862246,0.1783661740558292,0.34195402298850575,0.632183908045977,0.03563218390804594,0.006551724137931039,0.005727133871156745
1,(TctColBert('castorini/tct_colbert-v2-hnp-msmarco') >> <pyterrier_dr.indexes.NumpyIndex object at 0x7f13e9bc83e0>),0.40941165399828644,0.3530400474365993,0.5948275862068966,0.8017241379310345,0.06149425287356309,0.008275862068965523,0.0009022988505747133
