,name,nDCG@10,RR@10,R@10,R@100,P@10,P@100,SetP
0,TerrierRetr(BM25),0.20207490653703938,0.16081463236635643,0.34195402298850575,0.6522988505747126,0.036206896551724106,0.006781609195402304,0.005030666096635985
1,(TctColBert('castorini/tct_colbert-v2-hnp-msmarco') >> <pyterrier_dr.indexes.NumpyIndex object at 0x7f13e9bc83e0>),0.41079664844097885,0.3515964240102173,0.6149425287356322,0.8304597701149425,0.06436781609195388,0.00862068965517242,0.0009712643678160927
