,name,nDCG@10,RR@10,R@10,R@100,P@10,P@100,SetP
0,TerrierRetr(BM25),0.20040917171867179,0.15124977193942707,0.367816091954023,0.6896551724137931,0.03850574712643674,0.007183908045977017,0.009957887766896652
1,(TctColBert('castorini/tct_colbert-v2-hnp-msmarco') >> <pyterrier_dr.indexes.NumpyIndex object at 0x7f13e9bc83e0>),0.41288857377486254,0.3495689655172416,0.6264367816091954,0.8706896551724138,0.06494252873563204,0.009022988505747133,0.0009712643678160927
