,name,nDCG@10,RR@10,R@10,R@100,P@10,P@100,SetP
0,TerrierRetr(BM25),0.11406659025830157,0.08626163108921728,0.20689655172413793,0.47701149425287354,0.020689655172413803,0.004942528735632187,0.0015451559934318562
1,(TctColBert('castorini/tct_colbert-v2-hnp-msmarco') >> <pyterrier_dr.indexes.NumpyIndex object at 0x7f13e9bc83e0>),0.26722055874696504,0.2171912059843094,0.4281609195402299,0.6666666666666666,0.04482758620689649,0.006896551724137936,0.0008678160919540236
