,name,nDCG@10,RR@10,R@10,R@100,P@10,P@100,SetP
0,TerrierRetr(BM25),0.08774907105922586,0.0655218025907681,0.16091954022988506,0.3448275862068966,0.016091954022988512,0.0035632183908045996,0.0011001661654499561
1,(TctColBert('castorini/tct_colbert-v2-hnp-msmarco') >> <pyterrier_dr.indexes.NumpyIndex object at 0x7f13e9bc83e0>),0.24600542392117802,0.20295110381317286,0.382183908045977,0.5718390804597702,0.03965517241379306,0.005977011494252877,0.0007241379310344833
