,name,nDCG@10,RR@10,R@10,R@100,P@10,P@100,SetP
0,TerrierRetr(BM25),0.2077635564125735,0.16042920999817553,0.3706896551724138,0.6982758620689655,0.0390804597701149,0.007298850574712649,0.008718608260106286
1,(TctColBert('castorini/tct_colbert-v2-hnp-msmarco') >> <pyterrier_dr.indexes.NumpyIndex object at 0x7f13e9bc83e0>),0.466320180421708,0.4124749133369824,0.6522988505747126,0.8793103448275862,0.06724137931034468,0.00908045977011495,0.0009712643678160927
