,name,nDCG@10,RR@10,R@10,R@100,P@10,P@100,SetP
0,TerrierRetr(BM25),0.31175685709831674,0.4377480158730158,0.009552409087351155,0.07229669947368353,0.36875,0.325,0.146375
1,(TctColBert('castorini/tct_colbert-v2-hnp-msmarco') >> <pyterrier_dr.indexes.NumpyIndex object at 0x7ff8e2ae7260>),0.461140976997746,0.6651785714285714,0.011369626921174193,0.06282715330127257,0.46875,0.28625,0.09612500000000002
