,name,nDCG@10,RR@10,R@10,R@100,P@10,P@100,SetP
0,TerrierRetr(BM25),0.49381364756055013,0.6950396825396825,0.014742949392618585,0.10481910593528361,0.56875,0.45500000000000007,0.189375
1,(TctColBert('castorini/tct_colbert-v2-hnp-msmarco') >> <pyterrier_dr.indexes.NumpyIndex object at 0x7ff8e2ae7260>),0.5087055640592335,0.703125,0.014471959081818359,0.07432598515487875,0.575,0.33812499999999995,0.11062500000000001
