,name,nDCG@10,RR@10,R@10,R@100,P@10,P@100,SetP
0,TerrierRetr(BM25),0.45255062435006477,0.6854910714285714,0.012580304648460196,0.09570465979365031,0.45625000000000004,0.38562500000000005,0.168375
1,(TctColBert('castorini/tct_colbert-v2-hnp-msmarco') >> <pyterrier_dr.indexes.NumpyIndex object at 0x7ff8e2ae7260>),0.4078081838199585,0.6614583333333333,0.010217329035956513,0.05486631693975977,0.425,0.25125,0.09506250000000001
