,name,nDCG@10,RR@10,R@10,R@100,P@10,P@100,SetP
0,TerrierRetr(BM25),0.49559519894060267,0.6294146825396825,0.014868262248819993,0.10642701542619387,0.5874999999999999,0.45937500000000003,0.1889375
1,(TctColBert('castorini/tct_colbert-v2-hnp-msmarco') >> <pyterrier_dr.indexes.NumpyIndex object at 0x7ff8e2ae7260>),0.5211145054868145,0.7239583333333334,0.012941461555930652,0.07483185071129578,0.5562499999999999,0.33749999999999997,0.11225000000000003
