,name,nDCG@10,RR@10,R@10,R@100,P@10,P@100,SetP
0,TerrierRetr(BM25),0.4270810546499716,0.5425099206349207,0.012639258237400702,0.08444826705269641,0.5,0.37125000000000014,0.16375
1,(TctColBert('castorini/tct_colbert-v2-hnp-msmarco') >> <pyterrier_dr.indexes.NumpyIndex object at 0x7ff8e2ae7260>),0.5307996212260928,0.7864583333333334,0.014703254828398994,0.07779632678562565,0.5750000000000001,0.36062500000000003,0.118875
