,name,nDCG@10,RR@10,R@10,R@100,P@10,P@100,SetP
0,TerrierRetr(BM25),0.47404859230973373,0.6470238095238096,0.014704499560685633,0.09960450998703317,0.5625,0.4325,0.17968749999999997
1,(TctColBert('castorini/tct_colbert-v2-hnp-msmarco') >> <pyterrier_dr.indexes.NumpyIndex object at 0x7ff8e2ae7260>),0.5109387135249591,0.78125,0.014867425769383871,0.07568993939836846,0.55625,0.349375,0.109
