,name,nDCG@10,RR@10,R@10,R@100,P@10,P@100,SetP
0,TerrierRetr(BM25),0.12780486147446404,0.09648745519713262,0.22688172043010751,0.5645161290322581,0.02516129032258066,0.006000000000000004,0.0008967741935483877
1,(TctColBert('castorini/tct_colbert-v2-hnp-msmarco') >> <pyterrier_dr.indexes.NumpyIndex object at 0x7f13e9bc83e0>),0.28021479738327176,0.2408832565284179,0.4129032258064516,0.7451612903225806,0.043870967741935434,0.00787096774193549,0.0009870967741935491
