,name,nDCG@10,RR@10,R@10,R@100,P@10,P@100,SetP
0,TerrierRetr(BM25),0.21091800982595674,0.1718049155145929,0.33225806451612905,0.6612903225806451,0.03548387096774192,0.006967741935483876,0.0009161290322580652
1,(TctColBert('castorini/tct_colbert-v2-hnp-msmarco') >> <pyterrier_dr.indexes.NumpyIndex object at 0x7f13e9bc83e0>),0.32109814088664934,0.26529953917050697,0.5032258064516129,0.8,0.05354838709677412,0.008387096774193555,0.0009806451612903234
