,name,nDCG@10,RR@10,R@10,R@100,P@10,P@100,SetP
0,TerrierRetr(BM25),0.24373724596499893,0.20099590373783918,0.3774193548387097,0.6741935483870968,0.039999999999999966,0.007096774193548392,0.0009096774193548394
1,(TctColBert('castorini/tct_colbert-v2-hnp-msmarco') >> <pyterrier_dr.indexes.NumpyIndex object at 0x7f13e9bc83e0>),0.3668166800904149,0.3033922171018945,0.5709677419354838,0.8193548387096774,0.06064516129032249,0.008774193548387103,0.0009870967741935491
