,name,nDCG@10,RR@10,R@10,R@100,P@10,P@100,SetP
0,TerrierRetr(BM25),0.2165965795445531,0.17558627752176134,0.34838709677419355,0.6483870967741936,0.036774193548387075,0.006838709677419359,0.0009161290322580652
1,(TctColBert('castorini/tct_colbert-v2-hnp-msmarco') >> <pyterrier_dr.indexes.NumpyIndex object at 0x7f13e9bc83e0>),0.3721258352158069,0.3128725038402458,0.5645161290322581,0.8064516129032258,0.059999999999999915,0.008645161290322587,0.0009870967741935491
