,name,nDCG@10,RR@10,R@10,R@100,P@10,P@100,SetP
0,TerrierRetr(BM25),0.13930253598840725,0.11567076292882741,0.22258064516129034,0.5096774193548387,0.024516129032258076,0.005419354838709681,0.0008064516129032263
1,(TctColBert('castorini/tct_colbert-v2-hnp-msmarco') >> <pyterrier_dr.indexes.NumpyIndex object at 0x7f13e9bc83e0>),0.2939860828938607,0.24027393753200202,0.47419354838709676,0.7290322580645161,0.050967741935483805,0.007741935483870973,0.0009612903225806459
