,name,nDCG@10,RR@10,R@10,R@100,P@10,P@100,SetP
0,TerrierRetr(BM25),0.20093483207519644,0.15341013824884792,0.35161290322580646,0.6774193548387096,0.03741935483870965,0.007096774193548392,0.0009385760641343775
1,(TctColBert('castorini/tct_colbert-v2-hnp-msmarco') >> <pyterrier_dr.indexes.NumpyIndex object at 0x7f13e9bc83e0>),0.3210875013280507,0.26868919610855097,0.49032258064516127,0.8225806451612904,0.05225806451612896,0.008645161290322587,0.000993548387096775
