,name,nDCG@10,RR@10,R@10,R@100,P@10,P@100,SetP
0,TerrierRetr(BM25),0.12885691073768402,0.0974103174603175,0.23133333333333334,0.5053333333333334,0.023999999999999945,0.0052599999999999765,0.0013197142857142863
1,(TctColBert('castorini/tct_colbert-v2-hnp-msmarco') >> <pyterrier_dr.indexes.NumpyIndex object at 0x7f2b7aa4eab0>),0.28008831477525964,0.23211111111111107,0.43833333333333335,0.715,0.045800000000000105,0.007439999999999933,0.0009300000000000007
