,name,nDCG@10,RR@10,R@10,R@100,P@10,P@100,SetP
0,TerrierRetr(BM25),0.11385790202043866,0.09057539682539688,0.195,0.4243333333333334,0.020199999999999965,0.0044599999999999935,0.0008748578255765854
1,(TctColBert('castorini/tct_colbert-v2-hnp-msmarco') >> <pyterrier_dr.indexes.NumpyIndex object at 0x7f2b7aa4eab0>),0.27043754597437814,0.2215293650793651,0.43266666666666664,0.679,0.04520000000000009,0.00711999999999994,0.0008520000000000007
