,name,nDCG@10,RR@10,R@10,R@100,P@10,P@100,SetP
0,TerrierRetr(BM25),0.21221211870525467,0.16895952380952386,0.358,0.6583333333333332,0.03719999999999999,0.006859999999999945,0.00386719745037594
1,(TctColBert('castorini/tct_colbert-v2-hnp-msmarco') >> <pyterrier_dr.indexes.NumpyIndex object at 0x7f2b7aa4eab0>),0.4128025285782281,0.3559023809523812,0.6046666666666668,0.854,0.06280000000000034,0.008939999999999903,0.0009860000000000008
