,name,nDCG@10,RR@10,R@10,R@100,P@10,P@100,SetP
0,TerrierRetr(BM25),0.2254121786055559,0.18482857142857145,0.363,0.6413333333333333,0.037599999999999995,0.006659999999999947,0.002569042587162527
1,(TctColBert('castorini/tct_colbert-v2-hnp-msmarco') >> <pyterrier_dr.indexes.NumpyIndex object at 0x7f2b7aa4eab0>),0.390059622520337,0.32975555555555564,0.5896666666666668,0.837,0.06120000000000032,0.008759999999999907,0.0009560000000000007
