,name,nDCG@10,RR@10,R@10,R@100,P@10,P@100,SetP
0,TerrierRetr(BM25),0.19855379420645944,0.15256507936507946,0.35266666666666663,0.6703333333333332,0.036799999999999986,0.006959999999999943,0.004062012260625724
1,(TctColBert('castorini/tct_colbert-v2-hnp-msmarco') >> <pyterrier_dr.indexes.NumpyIndex object at 0x7f2b7aa4eab0>),0.36149946437608843,0.30445793650793634,0.5503333333333332,0.85,0.057400000000000256,0.008859999999999906,0.0009840000000000007
