,name,nDCG@10,RR@10,R@10,R@100,P@10,P@100,SetP
0,TerrierRetr(BM25),0.21335470217515662,0.17125476190476197,0.35366666666666663,0.6563333333333332,0.036999999999999984,0.006819999999999946,0.002338380539493386
1,(TctColBert('castorini/tct_colbert-v2-hnp-msmarco') >> <pyterrier_dr.indexes.NumpyIndex object at 0x7f2b7aa4eab0>),0.37561058537597264,0.31798650793650785,0.5683333333333332,0.835,0.059400000000000286,0.008699999999999911,0.0009820000000000007
