,name,nDCG@10,RR@10,R@10,R@100,P@10,P@100,SetP
0,TerrierRetr(BM25),0.23426799017449657,0.1888376856118791,0.3774193548387097,0.6806451612903226,0.03999999999999997,0.00716129032258065,0.0009354838709677426
1,"(TerrierRetr(BM25) >> RankCutoff(50) >> QueryExpansion(/home/obez/InformationRetrieval/indices/msmarco_passages_bm25_index/data.properties,3,10,<org.terrier.querying.QueryExpansion at 0x7f69d89871b0 jclass=org/terrier/querying/QueryExpansion jself=<LocalRef obj=0x3a0c1be2 at 0x7f69d8a2c450>>) >> TerrierRetr(BM25))",0.23168765469123528,0.18134152585765484,0.38064516129032255,0.6774193548387096,0.04064516129032255,0.007096774193548392,0.0009225806451612909
2,"(TerrierRetr(BM25) >> RankCutoff(50) >> QueryExpansion(/home/obez/InformationRetrieval/indices/msmarco_passages_bm25_index/data.properties,3,10,<org.terrier.querying.QueryExpansion at 0x7f69d8d39720 jclass=org/terrier/querying/QueryExpansion jself=<LocalRef obj=0x3a0c1c42 at 0x7f69d8a2c5d0>>) >> TerrierRetr(BM25))",0.2323372498513083,0.1804429083461341,0.3870967741935484,0.6774193548387096,0.04129032258064513,0.007096774193548392,0.0009225806451612909
3,(TctColBert('castorini/tct_colbert-v2-hnp-msmarco') >> <pyterrier_dr.indexes.NumpyIndex object at 0x7f69d8d73e60>),0.3840063589787807,0.3206041986687149,0.5903225806451613,0.832258064516129,0.06258064516129022,0.00890322580645162,0.0010193548387096782
