,name,nDCG@10,RR@10,R@10,R@100,P@10,P@100,SetP
0,TerrierRetr(BM25),0.23552406739427262,0.43472222222222223,0.009725547857996125,0.06455727074348556,0.3,0.21777777777777776,0.09522222222222224
1,(TctColBert('castorini/tct_colbert-v2-hnp-msmarco') >> <pyterrier_dr.indexes.NumpyIndex object at 0x7ff8e2ae7260>),0.32415564054481005,0.4949735449735449,0.01020393789571262,0.05612443966273612,0.3611111111111111,0.2027777777777778,0.07144444444444446
