,name,nDCG@10,RR@10,R@10,R@100,P@10,P@100,SetP
0,TerrierRetr(BM25),0.5441025825616351,0.8449074074074074,0.015918078297846854,0.10350021076612487,0.6277777777777778,0.4244444444444444,0.16983333333333334
1,(TctColBert('castorini/tct_colbert-v2-hnp-msmarco') >> <pyterrier_dr.indexes.NumpyIndex object at 0x7ff8e2ae7260>),0.4339677527430034,0.738425925925926,0.011794802881228663,0.07292867175322892,0.48888888888888893,0.3172222222222222,0.09433333333333334
