,name,nDCG@10,RR@10,R@10,R@100,P@10,P@100,SetP
0,TerrierRetr(BM25),0.24810124960560284,0.33664021164021163,0.007741694309503212,0.06768843232069281,0.3111111111111111,0.275,0.11183333333333333
1,(TctColBert('castorini/tct_colbert-v2-hnp-msmarco') >> <pyterrier_dr.indexes.NumpyIndex object at 0x7ff8e2ae7260>),0.3588663190377893,0.7037037037037037,0.00881157906278787,0.05657394694240755,0.35555555555555557,0.23944444444444446,0.08261111111111111
