,name,nDCG@10,RR@10,R@10,R@100,P@10,P@100,SetP
0,TerrierRetr(BM25),0.5900183503787775,0.8819444444444444,0.01743026067422676,0.11429116787476928,0.661111111111111,0.4555555555555556,0.16883333333333334
1,(TctColBert('castorini/tct_colbert-v2-hnp-msmarco') >> <pyterrier_dr.indexes.NumpyIndex object at 0x7ff8e2ae7260>),0.4198591254603945,0.7199074074074074,0.011743718108181127,0.07193016477797648,0.4833333333333333,0.3111111111111111,0.09100000000000001
