,name,nDCG@10,RR@10,R@10,R@100,P@10,P@100,SetP
0,TerrierRetr(BM25),0.5423324769317683,0.8171296296296297,0.015571496943513563,0.10739833883765844,0.6,0.44333333333333336,0.16694444444444445
1,(TctColBert('castorini/tct_colbert-v2-hnp-msmarco') >> <pyterrier_dr.indexes.NumpyIndex object at 0x7ff8e2ae7260>),0.4390704467387069,0.7199074074074074,0.012710531073055573,0.07101126763421525,0.5111111111111111,0.3116666666666667,0.09177777777777778
