,name,nDCG@10,RR@10,R@10,R@100,P@10,P@100,SetP
0,TerrierRetr(BM25),0.5639777556544319,0.8449074074074074,0.0158298948763301,0.10772133625367912,0.6222222222222222,0.44611111111111107,0.17022222222222225
1,(TctColBert('castorini/tct_colbert-v2-hnp-msmarco') >> <pyterrier_dr.indexes.NumpyIndex object at 0x7ff8e2ae7260>),0.4319082785884966,0.7199074074074074,0.01262206681261679,0.0705043468488172,0.5055555555555554,0.30833333333333335,0.08900000000000001
