,name,nDCG@10,RR@10,R@10,R@100,P@10,P@100,SetP
0,TerrierRetr(BM25),0.22704108670824735,0.18137937436183046,0.384990253411306,0.6559454191033138,0.03918128654970756,0.006725146198830414,0.000888037245216602
1,(TctColBert('castorini/tct_colbert-v2-hnp-msmarco') >> <pyterrier_dr.indexes.NumpyIndex object at 0x7f13e9bc83e0>),0.38921908784693343,0.33154413812308553,0.5799220272904483,0.8713450292397661,0.05964912280701744,0.009064327485380124,0.0009941520467836266
