,name,nDCG@10,RR@10,R@10,R@100,P@10,P@100,SetP
0,TerrierRetr(BM25),0.19450761551184495,0.15313747331291186,0.33820662768031184,0.6442495126705653,0.03450292397660816,0.0066081871345029285,0.0008938851984329762
1,(TctColBert('castorini/tct_colbert-v2-hnp-msmarco') >> <pyterrier_dr.indexes.NumpyIndex object at 0x7f13e9bc83e0>),0.3458395183939793,0.2909774436090226,0.5272904483430799,0.8538011695906432,0.054385964912280614,0.008888888888888896,0.0009883040935672522
