,name,nDCG@10,RR@10,R@10,R@100,P@10,P@100,SetP
0,TerrierRetr(BM25),0.1173609331445081,0.09332126612828368,0.2046783625730994,0.4278752436647173,0.02046783625730995,0.00450292397660819,0.0007076023391812871
1,(TctColBert('castorini/tct_colbert-v2-hnp-msmarco') >> <pyterrier_dr.indexes.NumpyIndex object at 0x7f13e9bc83e0>),0.27395313670383536,0.22344286642532268,0.4463937621832359,0.7426900584795322,0.04561403508771923,0.007719298245614041,0.0008830409356725152
