,name,nDCG@10,RR@10,R@10,R@100,P@10,P@100,SetP
0,TerrierRetr(BM25),0.14486032242898036,0.10959110739812493,0.260233918128655,0.4805068226120857,0.02631578947368421,0.004912280701754389,0.0014736842105263165
1,(TctColBert('castorini/tct_colbert-v2-hnp-msmarco') >> <pyterrier_dr.indexes.NumpyIndex object at 0x7f13e9bc83e0>),0.2930671729312921,0.23934140907825116,0.4717348927875243,0.7368421052631579,0.048538011695906366,0.007602339181286555,0.000941520467836258
