,name,nDCG@10,RR@10,R@10,R@100,P@10,P@100,SetP
0,TerrierRetr(BM25),0.21276450706101704,0.17163278566787335,0.3538011695906433,0.6267056530214424,0.03567251461988301,0.006432748538011701,0.0016056192276578717
1,(TctColBert('castorini/tct_colbert-v2-hnp-msmarco') >> <pyterrier_dr.indexes.NumpyIndex object at 0x7f13e9bc83e0>),0.39521665752799406,0.33734103777963437,0.5925925925925927,0.8713450292397661,0.06081871345029227,0.009064327485380124,0.0010000000000000007
