,name,nDCG@10,RR@10,R@10,R@100,P@10,P@100,SetP
0,TerrierRetr(BM25),0.2203946368956897,0.17674974473220081,0.3713450292397661,0.6208576998050682,0.03742690058479528,0.006374269005847958,0.0008596491228070181
1,(TctColBert('castorini/tct_colbert-v2-hnp-msmarco') >> <pyterrier_dr.indexes.NumpyIndex object at 0x7f13e9bc83e0>),0.391436245909079,0.3299591571521397,0.6013645224171541,0.8888888888888888,0.0614035087719297,0.009239766081871352,0.0009824561403508779
