,name,nDCG@10,RR@10,R@10,R@100,P@10,P@100,SetP
0,TerrierRetr(BM25),0.2887802946778595,0.18848272642390285,0.611764705882353,0.8705882352941177,0.06117647058823517,0.008705882352941183,0.0009764705882352948
1,(TctColBert('castorini/tct_colbert-v2-hnp-msmarco') >> <pyterrier_dr.indexes.NumpyIndex object at 0x7f97918590a0>),0.28392331748339866,0.18335200746965447,0.6058823529411764,0.8529411764705882,0.060588235294117526,0.008529411764705888,0.0009647058823529419
