,name,nDCG@10,RR@10,R@10,R@100,P@10,P@100,SetP
0,TerrierRetr(BM25),0.2440245617023603,0.16283613445378148,0.5058823529411764,0.8235294117647058,0.05058823529411756,0.008235294117647065,0.000929411764705883
1,(TctColBert('castorini/tct_colbert-v2-hnp-msmarco') >> <pyterrier_dr.indexes.NumpyIndex object at 0x7f97918590a0>),0.2741327536726504,0.1868977591036414,0.5529411764705883,0.8176470588235294,0.05529411764705872,0.0081764705882353,0.0009058823529411772
