,name,nDCG@10,RR@10,R@10,R@100,P@10,P@100,SetP
0,TerrierRetr(BM25),0.2623832996907487,0.16806255835667588,0.5705882352941176,0.8352941176470589,0.057058823529411655,0.008352941176470594,0.0009849307750369565
1,(TctColBert('castorini/tct_colbert-v2-hnp-msmarco') >> <pyterrier_dr.indexes.NumpyIndex object at 0x7f97918590a0>),0.24332013184700518,0.1596055088702147,0.5117647058823529,0.8235294117647058,0.051176470588235205,0.008235294117647065,0.0009470588235294125
