,name,nDCG@10,RR@10,R@10,R@100,P@10,P@100,SetP
0,TerrierRetr(BM25),0.30478955223639587,0.19857142857142862,0.6470588235294118,0.9176470588235294,0.06470588235294104,0.009176470588235302,0.0009647058823529419
1,(TctColBert('castorini/tct_colbert-v2-hnp-msmarco') >> <pyterrier_dr.indexes.NumpyIndex object at 0x7f97918590a0>),0.28399354384840897,0.1855952380952381,0.5941176470588235,0.8470588235294118,0.05941176470588223,0.008470588235294124,0.0009705882352941184
