,name,nDCG@10,RR@10,R@10,R@100,P@10,P@100,SetP
0,TerrierRetr(BM25),0.28040529543054715,0.18142857142857136,0.6,0.8352941176470589,0.05999999999999988,0.008352941176470594,0.000987202736734508
1,(TctColBert('castorini/tct_colbert-v2-hnp-msmarco') >> <pyterrier_dr.indexes.NumpyIndex object at 0x7f97918590a0>),0.25539635611236017,0.1691503267973856,0.5294117647058824,0.8294117647058824,0.052941176470588144,0.00829411764705883,0.0009764705882352948
