,name,nDCG@10,RR@10,R@10,R@100,P@10,P@100,SetP
0,TerrierRetr(BM25),0.28526478194328925,0.18972222222222215,0.5941176470588235,0.8823529411764706,0.05941176470588223,0.008823529411764713,0.0009718620294833269
1,(TctColBert('castorini/tct_colbert-v2-hnp-msmarco') >> <pyterrier_dr.indexes.NumpyIndex object at 0x7f97918590a0>),0.29115865908223765,0.19607376283846875,0.6,0.8823529411764706,0.05999999999999988,0.008823529411764713,0.0009764705882352948
