,name,nDCG@10,RR@10,R@10,R@100,P@10,P@100,SetP
0,TerrierRetr(BM25),0.25801206784705666,0.16854206349206363,0.56,0.862,0.05600000000000026,0.008619999999999906,0.0009680000000000008
1,"(TerrierRetr(BM25) >> RankCutoff(50) >> QueryExpansion(/home/obez/InformationRetrieval/indices/arguana_bm25_index/data.properties,3,10,<org.terrier.querying.QueryExpansion at 0x7f78f8977070 jclass=org/terrier/querying/QueryExpansion jself=<LocalRef obj=0x4cb3285a at 0x7f78f89c1cf0>>) >> TerrierRetr(BM25))",0.26738100765775014,0.17216428571428585,0.59,0.904,0.059000000000000295,0.009039999999999895,0.0009780000000000008
2,"(TerrierRetr(BM25) >> RankCutoff(50) >> QueryExpansion(/home/obez/InformationRetrieval/indices/arguana_bm25_index/data.properties,3,10,<org.terrier.querying.QueryExpansion at 0x7f78f8976c60 jclass=org/terrier/querying/QueryExpansion jself=<LocalRef obj=0x4cb328ca at 0x7f78f89c0f90>>) >> TerrierRetr(BM25))",0.2662991560611661,0.17145873015873025,0.588,0.906,0.058800000000000296,0.009059999999999896,0.0009760000000000007
3,(TctColBert('castorini/tct_colbert-v2-hnp-msmarco') >> <pyterrier_dr.indexes.NumpyIndex object at 0x7f78f9086030>),0.16277624609620828,0.11770634920634927,0.32,0.588,0.03199999999999992,0.0058799999999999625,0.0008140000000000006
