,name,nDCG@10,RR@10,R@10,R@100,P@10,P@100,SetP
0,TerrierRetr(BM25),0.08672727924008274,0.0668222222222222,0.152,0.30299999999999994,0.015999999999999976,0.0032000000000000023,0.0019194543691723714
1,"(TerrierRetr(BM25) >> RankCutoff(50) >> QueryExpansion(/home/obez/InformationRetrieval/indices/msmarco_passages_bm25_index/data.properties,3,10,<org.terrier.querying.QueryExpansion at 0x7fc038704730 jclass=org/terrier/querying/QueryExpansion jself=<LocalRef obj=0x28d92022 at 0x7fc038a48d90>>) >> TerrierRetr(BM25))",0.08131272742345044,0.060830952380952374,0.149,0.2916666666666667,0.015799999999999984,0.0031000000000000025,0.0004900000000000004
2,"(TerrierRetr(BM25) >> RankCutoff(50) >> QueryExpansion(/home/obez/InformationRetrieval/indices/msmarco_passages_bm25_index/data.properties,3,10,<org.terrier.querying.QueryExpansion at 0x7fc038704f50 jclass=org/terrier/querying/QueryExpansion jself=<LocalRef obj=0x28d92082 at 0x7fc038a4aa70>>) >> TerrierRetr(BM25))",0.08041921971768497,0.060475396825396814,0.147,0.2936666666666667,0.015599999999999984,0.003120000000000002,0.0004900000000000004
3,(TctColBert('castorini/tct_colbert-v2-hnp-msmarco') >> <pyterrier_dr.indexes.NumpyIndex object at 0x7fc2b2b7e390>),0.1870944309875037,0.1603722222222223,0.274,0.4626666666666666,0.028799999999999937,0.004879999999999986,0.0006300000000000005
