,name,nDCG@10,RR@10,R@10,R@100,P@10,P@100,SetP
0,(TctColBert('castorini/tct_colbert-v2-hnp-msmarco') >> <pyterrier_dr.indexes.NumpyIndex object at 0x7f4715fd68d0>),0.42707596115722213,0.36523412698412705,0.6376666666666667,0.885,0.06620000000000037,0.009259999999999899,0.0010120000000000007
1,TerrierRetr(BM25),0.22611451362850563,0.17816746031746036,0.387,0.6783333333333332,0.040200000000000034,0.007059999999999941,0.005249715161262274
2,"(TerrierRetr(BM25) >> RankCutoff(50) >> QueryExpansion(/home/obez/InformationRetrieval/indices/msmarco_passages_bm25_index/data.properties,3,10,<org.terrier.querying.QueryExpansion at 0x7f4555f39e50 jclass=org/terrier/querying/QueryExpansion jself=<LocalRef obj=0x2b098122 at 0x7f46f0696770>>) >> TerrierRetr(BM25))",0.21679856777001655,0.16791825396825408,0.378,0.6893333333333334,0.039400000000000025,0.007159999999999942,0.0009140000000000007
3,"(TerrierRetr(BM25) >> RankCutoff(50) >> QueryExpansion(/home/obez/InformationRetrieval/indices/msmarco_passages_bm25_index/data.properties,3,10,<org.terrier.querying.QueryExpansion at 0x7f4555f38f50 jclass=org/terrier/querying/QueryExpansion jself=<LocalRef obj=0x2b09818a at 0x7f46f0694e30>>) >> TerrierRetr(BM25))",0.2189256314786843,0.17040873015873023,0.38,0.6893333333333334,0.03960000000000003,0.007159999999999942,0.0009160000000000007
