,name,nDCG@10,RR@10,R@10,R@100,P@10,P@100,SetP
0,(TctColBert('castorini/tct_colbert-v2-hnp-msmarco') >> <pyterrier_dr.indexes.NumpyIndex object at 0x7f725b907710>),0.4395841795427525,0.37874047619047707,0.6449583333333333,0.8974583333333334,0.06769999999999843,0.009540000000000066,0.0010399999999999474
1,TerrierRetr(BM25),0.23741384540443697,0.19334761904761888,0.38920833333333343,0.6870416666666666,0.040899999999999825,0.007269999999999869,0.002646308865144887
