,name,RR@10,R@10,R@100
0,TerrierRetr(BM25),0.8819444444444444,0.01743026067422676,0.11572316524316244
