,name,RR@10,R@10,R@100
0,TerrierRetr(BM25),0.8645833333333333,0.015363808202090615,0.11229792336355124
