,name,RR@10,R@10,R@100
0,TerrierRetr(BM25),0.6970238095238095,0.015085804903437597,0.10213384266358401
