,name,nDCG@10,RR@10,R@10,R@100,P@10,P@100,SetP
0,TerrierRetr(BM25),0.576108909383456,0.8172142857142856,0.01601877003649067,0.11027850461622175,0.6459999999999999,0.47320000000000007,0.18008000000000007
1,"(TerrierRetr(BM25) >> RankCutoff(50) >> QueryExpansion(/home/obez/InformationRetrieval/indices/trec_covid_bm25_index/data.properties,3,10,<org.terrier.querying.QueryExpansion at 0x7fe2ecd81db0 jclass=org/terrier/querying/QueryExpansion jself=<LocalRef obj=0x11bfa322 at 0x7fe2ecd47e90>>) >> TerrierRetr(BM25))",0.5856268262040669,0.8353809523809526,0.01593921350915549,0.11603947240950369,0.6480000000000001,0.49360000000000004,0.18796000000000002
2,"(TerrierRetr(BM25) >> RankCutoff(50) >> QueryExpansion(/home/obez/InformationRetrieval/indices/trec_covid_bm25_index/data.properties,3,10,<org.terrier.querying.QueryExpansion at 0x7fe2ece6b430 jclass=org/terrier/querying/QueryExpansion jself=<LocalRef obj=0x11bfa38a at 0x7fe2ecd465d0>>) >> TerrierRetr(BM25))",0.5815266629076653,0.8335238095238096,0.01594338936109486,0.11658111302311128,0.644,0.4972,0.18918
3,(TctColBert('castorini/tct_colbert-v2-hnp-msmarco') >> <pyterrier_dr.indexes.NumpyIndex object at 0x7fe2ed1ad6a0>),0.4932224050252302,0.7680555555555556,0.013016085942993154,0.07094816917098287,0.5419999999999999,0.3368,0.10943999999999997
